id,content,Task Id,label
7785,賭只是一場遊戲，畢竟疫情職棒撐到現在還有臺灣一可以看，當然要搭順風車，作秀而已,39,positive
7786,雙十國慶展現台灣多元面貌，許多人一起歡欣鼓舞為台灣慶生，今年因為疫情關係，少了許多外國使團祝賀，自美國德州返國的宋明麗代表僑胞致詞，發自內心熱愛家鄉的情感，陽光般的笑容，自然流露的台語賀詞「台灣是尚好的好所在」，都令人印象深刻，她是台灣南部好女兒,39,negative
7787,〔記者陳忠榮台北報導〕中央流行疫情指揮中心為提振因武漢肺炎停擺的經濟交流，研擬開放「經濟泡泡」，好讓具有特定身分入境民眾免隔離，衛福部長兼任指揮官陳時中昨日補充說明，基本上務須符合來台之必要性，以及動線分離等兩大要件才可行,39,negative
7788,圖／molly莫莉因疫情關係，今年不少人都覺得很鬱悶無法出國，但也因此更有機會好好探尋台灣的景點、征服「秘境」,39,positive
7789,瘋搶口罩快成全民運動，除電商平台一推出即秒殺外，全台連鎖超商每每推出限定色或特殊設計圖案口罩，就可見長長的排隊人龍，有民眾甚至清晨3點就起早排隊，商研院經營模式創新研究所副所長李世珍表示，全民瘋口罩現象是因疫情讓人太悶，加上是一種社會流行的認同感追求，亦是防疫生活中時尚搭配的小確幸，但如果是想賺短期快錢的轉售族，則要小心蛋塔效應,39,negative
7790,新頭殼newtalk4天累計9例確診！今天14:00中央流行疫情指揮中心召開臨時記者會，由莊人祥發言人說明新增3名境外移入個案，目前累計558例,39,negative
7791,真心覺得美國先將疫情控制下來、經濟回穩比較重要,39,negative
7792,受疫情影響，目前發往可通達國家之郵件，郵遞時效皆有所延誤,39,negative
7793,【網路地產王/綜合報導】疫情爆發這近10個月來，改變了許多觀念，在房地產中，最大的影響就是”多衛”規劃的興起，漸成主流，大受買方肯定,39,positive
7794,聽完兩邊陣營賽前訪問.接下來也要留點時間給觀眾.因為今年從疫情閉門到台灣大賽首戰破萬.大家都直呼很開心能夠進場觀戰.?陳傑憲受訪有點感性的說.當時開幕戰他就是全球開路先鋒.看到看台都沒人有點感概.如今第一戰台中破萬人.球星們也有話要跟球迷說.,39,negative
7795,歐美疫情復燃、美國總統大選即將揭曉，金融市場人心浮動，美股全面下跌，道瓊指數10月下跌4.61%，創近7個月以來最差的單月表現；國泰證期研究部分析師蔡明翰分析，美國單日確診人數破10萬人、再創新高紀錄，總統大選又有無法和平落幕的疑慮，是美股單月表現最糟的主因，恐怕會拖累台股「短期」表現,39,negative
7796,後疫情時代國旅大爆發，桃園市復興區擁有好山好水，新冠肺炎疫情期間遊客數逆勢成長，但因山區餐飲業者分散，為讓遊客方便品嘗在地美食，復興區公所與健行科技大學餐旅管理系及數位多媒體設計系共同推動「復興好食在」餐廳評選，分為桌菜組及簡餐類給予星級評定，並製作成美食地圖讓遊客按圖索驥,39,positive
7797,（中央社布里斯本1日綜合外電報導）澳洲昆士蘭州舉行地方選舉，在2019冠狀病毒疾病（COVID-19）疫情陰霾下，選民力挺與中央政府不同調、力行嚴苛防疫措施的中間偏左州政府,39,negative
7798,中央流行疫情指揮中心，今天又傳來壞消息，公布國內新增3名境外移入確診個案，中央流行疫情指揮中心為了因應「新冠肺炎疫情」，今（1）天下午兩點開召開臨時記者會，由莊人祥發言人說明《新增3名境外移入個案》等事宜,39,negative
7799,據法新社彙整官方數字資料顯示，第2波2019冠狀病毒疾病（COVID-19）疫情之下，本週至少14個歐洲國家的病毒相關住院人數達新高,39,negative
7800,疫情不顧已經威脅人民生計勞保勞退拿來炒權值股政策護航房市虛胖收入減少通貨膨脹有這種結果需要意外嗎?,39,negative
7801,你現在的哀嚎是為了明年調漲學費在鋪路？？說“因為疫情所以怎樣才要調漲學費”？,39,negative
7802,（中央社台北1日電）美國大選進入倒數計時階段，當地2019冠狀病毒疾病（COVID-19，武漢肺炎）疫情加劇，30日創下24小時內新增診逾10萬人的空前紀錄,39,negative
7803,「2020藥師佛文化節」今（1）日在新北市板樹體育館隆重展開，市長侯友宜特別到場禮佛，和慈法禪寺住持淨耀法師及海內外僧?，共同祝禱新冠肺炎疫情結束，全球民眾健康平安,39,positive
7804,跟疫情無關,39,positive
7805,越南是台灣第2大境外學生來源地，為擴大生源，受疫情影響，駐越南代表處首度以線上方式舉行台灣高教展，尖峰時刻逾3000人同時在線,39,positive
7806,台北31日電台灣民眾喜愛登山，今年因疫情，戶外活動大增，根據內政部今天公布最新統計，1至9月空勤總隊以「空中救難」占5大飛行任務的42.6％比率最高；其中「山難搜救」100架次，較去年同期增加1倍，救援、救護人數52人，較去年同期增加1.9倍,39,negative
7807,食物都來了不吃白不吃美國人真的也蠻蠢的這次疫情後還覺得什麼歐美好日本棒人民素質呱呱叫的應該要隔離了應該病毒侵腦了白癡,39,negative
7808,笑話嗎？搞個貿易戰，疫情失敗造成多次融斷暴跌史上最強，股市都是大戶操作，一般人都是等著被割韭菜,39,negative
7809,（中央社米蘭/巴黎31日綜合外電報導）義大利衛生部今天表示，境內過去24小時新增3萬1758人確診感染2019冠狀病毒疾病（COVID-19），創下疫情爆發以來新高紀錄，改寫30日創下的3萬1084人染疫紀錄,39,negative
7810,受歐美疫情反覆、美國總統大選的干擾，台股上周明顯走跌,39,negative
7811,一直都是境外移入就知道國外疫情嚴重還一直開放進來是在幹嘛？嫌台灣事情太少是嗎？,39,negative
7812,最近歐美疫情變嚴重了，有的國家甚至比年初時還嚴重，在這種節骨眼關鍵時刻，不宜作如此變動，起碼要等國際疫情減緩,39,negative
7813,身為海島型國家的台灣不可諱言這次疫情下是佔了先天地理上的優勢，但切亦不可輕忽！願國際疫情能愈趨可控且完整健康之疫苗早點問世！,39,positive
7814,中央流行疫情指揮中心正研擬開放「經濟泡泡」，指揮官、衛福部長陳時中表示，必須同時符合來台必要性、動線分離等兩大條件,39,positive
7815,（中央社紐約31日綜合外電報導）年終購物季即將到來，美國零售業者今年提早數週開始徵雇臨時工，不過2019冠狀病毒疾病（COVID-19）疫情影響下，徵才內容跟往年有些不同,39,positive
7816,新冠肺炎疫情衝擊，許多弱勢邊緣戶就業機會受到影響，高雄市社會局和社團法人「高雄市明燈慈善會」，今在苓雅社福中心發起「點燈活動」，發放紓困禮券，提供高雄市無福利資格的弱勢邊緣戶1000戶，每戶發放1000元，舒緩弱勢家庭經濟負荷,39,positive
7817,▲今年因疫情縮小比賽規模，嚴守防疫規範,39,positive
7818,董至成為到大陸發展請辭節目疫情爆發事業兩頭空,39,negative
7819,昨29日才報導新增病例單日逾九萬創新高.今30日就又再報導美國單日確診破10萬!這是川普的功勞.他昨天還公開發表美國疫情正在好轉.真的是功德無量!,39,negative
7820,一群?匿疫情的草泥??蛆,39,negative
7821,【新唐人北京時間2020年11月01日訊】法新社彙整官方數字資料顯示，根據歐洲52個國家中的35國所提供的醫院數字，中共病毒疾病疫情持續肆虐下，本週至少14個歐洲國家的染疫住院人數達新高,39,negative
7822,（中央社記者陳偉婷台北1電）中央流行疫情指揮中心宣布，台灣今天新增3例武漢肺炎（2019冠狀病毒疾病，COVID-19）確診，全為境外移入，目前累計558例,39,negative
7823,歐美日疫情二度爆發，台灣搞不好有一半的人無症狀確診，還集會大遊行簡直是我行我素自私自利,39,negative
7824,儘管美國疫情升溫、實施邊境管控，但加拿大部分退休人士仍堅決南下避寒,39,negative
7825,武漢肺炎疫情嚴峻，航空業首當其衝，載客量雪崩式慘跌，導致全球多家航空公司倒閉或停飛，至年底估計損失恐達千億美元、50萬人遭裁員,39,negative
7826,作為孟加拉經濟支柱的成衣業，因疫情流失的訂單逐漸回籠，加上海外匯款有增加之勢，為孟國經濟復甦帶來好兆頭,39,positive
7827,當我在youtube看到了蘋果的廣告時，就知道蘋果這次賣得很不好，雖然有網紅或傳媒配合製造供不應求的缺貨假像，企圖搞飢餓行銷，但因疫情的影響與新機對比上一代沒有太大幅度的改變，再加上原本九月發表的新機延到十月及十一月，就不難看出遇到困難了∼,39,negative
7828,中評社北京11月1日電／據央視新聞報道，目前，美國各地新冠肺炎疫情呈現大暴發態勢,39,negative
7829,顏色對了奈我如何?政府無能，禍事連連，女大生嚮往臺灣安全破功;飛官喪命15人，怪前朝;交通事故，火災死傷，官員避責高升;強制百姓吃毒豬，假疫情，真內宣.笑死國際;揮霍國庫，動盪兩岸;搞台獨策略，刪課綱……，一步步來;說愛臺灣?最大騙子民進黨，817萬票減1.唉…民心不安，真是臺人的悲哀，蔡破格應帶團隊下臺謝罪!,39,negative
7830,國內為數眾多的大學應該要退場，學校不是學店，更何況台灣治安亮起紅燈，疫情不會只是不來的藉口，教育是長遠的路，不要只想賺錢！,39,negative
7831,【時報-台北電】「疫波未平疫波又起！」隨著秋冬到來，國際間的新冠疫情轉趨嚴竣，境外移入案件不停歇，國內雖然在夏天前第一波疫情控制得不錯，但面對已兵臨城下的第二波疫情，台灣已經準備好了嗎？前一波疫情重創的各行各業，有能力面對再一次的衝擊嗎？本報將分兩周，就醫療、教育、交通、就業等面向深度探討,39,positive
7832,〔記者陳昭楨屏東報導〕屏東縣三地門鄉公所昨天起，加碼發給每名鄉民新台幣一千元振興禮金，成為全縣第一個自編預算發放振興現金的鄉鎮市！三地門鄉長車牧勒薩以．拉勒格安表示，三地門鄉受新冠肺炎疫情衝擊，鄉民收入減少，配合中央政府振興三倍券刺激消費，公所決定加碼，發給戶籍設在三地門鄉的居民每人一千元振興消費禮金,39,positive
7833,疫情急遽惡化與紓困談判破裂，導致上周美股周線創下3月來表現最差,39,negative
7834,「疫波未平疫波又起！」隨著秋冬到來，國際間的新冠疫情轉趨嚴竣，境外移入案件不停歇，國內雖然在夏天前第一波疫情控制得不錯，但面對已兵臨城下的第二波疫情，台灣已經準備好了嗎？前一波疫情重創的各行各業，有能力面對再一次的衝擊嗎？本報將分兩周，就醫療、教育、交通、就業等面向深度探討,39,positive
7835,新冠疫情爆發加速數位科技的創新應用，加快產業轉型升級,39,positive
7836,疫情影響，政府為刺激國旅祭出安心國旅補貼，交通部觀光局表示，估計專案帶動1725萬人次出遊，創造直間接觀光效益達635億元,39,positive
7837,英媒：英國高層早就知道大陸隱瞞疫情嚴重性https://udn.com/news/story/6809/4538718,39,negative
7838,圖／TVBS為搶救被疫情影響的經濟，指揮中心規劃經濟泡泡，擬開放具特定身分入境民眾免隔離,39,positive
7839,▲今（1）日中央流行疫情指揮中心發言人莊人祥，召開臨時記者會說明最新境外移入個案,39,positive
7840,記者蕭道田／報導今年邁入第二十二周年的台東利卡夢「梅之宴」GAYA戶外音樂會，三十一日下午兩時於台東利嘉國小梅園華麗登場，音樂會原訂春季辦理，但因新冠疫情延後至今辦理，但人氣絲毫沒有受到影響，許多愛樂粉絲不遠千里到來，GAYA酒店董事長戴美玲也號召一車高雄愛樂團親友前來捧場，縣長饒慶鈴與近五千餘名全台各地湧入的樂迷，在豔陽高照下陶醉在台籍小提琴神童曾宇謙、國立台灣交響樂團進行「深琴對話」,39,positive
7841,一嘴的疫情，謀的是台獨,39,negative
7842,指揮中心發言人莊人祥（資料照）徐筠庭綜合報導/台北市中央流行疫情指揮中心今（1）日上午宣布，我國新增3例武漢肺炎（新型冠狀病毒肺炎、COVID－19）境外移入確診病例，將於下午2點召開臨時記者會，由指揮中心發言人莊人祥說明詳細狀況,39,negative
7843,台灣很小交通便利，美國地廣人稀有疫情也沒有高鐵，同一批憨粉可以連續多日各處遊覽車趕場，美國川粉能這樣？更別提川普是搭空軍一號跑攤，川粉就算開法拉利也沒有川普來的快,39,negative
7844,在大幅超出預算、以及俗稱武漢肺炎的2019年冠狀病毒疾病(COVID-19)疫情帶來航空交通危機之際，德國柏林的新國際機場在遲到了9年後，終於在31日正式啟用,39,positive
7845,「第33屆東京影展」昨在東京國際會議中心開幕，今年因為武漢肺炎疫情的關係，沒有像往年在六本木HILLS的大型紅毯活動，昨由役所廣司、土屋太鳳等日本演員在東京國際會議中心亮相，替影展揭幕,39,negative
7846,在嚴重特殊傳染性肺炎（俗稱武漢肺炎）全球疫情升溫的情況下，部分國家再度開始封鎖措施，包括英國首相BorisJohnson今天（1日）宣布該國近日將開始二度封城，但英超足球賽這段期間會照常舉行,39,positive
7847,垃圾報請去抓根本原因，就是中國連同WHO隱匿疫情輸出全世界然後自己強力壓境內感染者,39,negative
7848,文：NOM團隊在今年餐飲業險峻的時刻，不管是疫情影響、經濟衰退或是消費習慣改變，希望帶給大家一個信息：「隨時都可以與COOKMANIA的社群尋求協助」,39,positive
7849,疫情期間沒客關店全世界都ㄧ樣，沒什麼特別，沒報導價值,39,negative
7850,一向是全年無休的九族文化村，過去除了遇到颱風天災的因素曾經休園外，即使在疫情最嚴重的時候，也都堅持開放服務遊客,39,positive
7851,【時報-各報要聞】受歐美疫情反覆、美國總統大選的干擾，台股上周明顯走跌,39,negative
7852,全球疫情就是這樣啊遇到只能認，不然還能怎樣與其當個智障整天靠北政府，不如腳踏實地好好的面對，不要成為智障,39,negative
7853,又想帶風向?疫情這樣子誰敢讓他們進來?不想想是哪一國造成的?,39,negative
7854,（路透米蘭/巴黎31日電）義大利衛生部今天表示，境內過去24小時新增3萬1758人確診感染2019冠狀病毒疾病（COVID-19），創下疫情爆發以來新高紀錄，改寫30日創下的3萬1084人染疫紀錄,39,negative
7855,台灣是比較好運，沒有像韓國、美國、英國一樣有超級傳播者，不然台灣的疫情就不是這樣子了,39,positive
7856,這階段不論是疫情.穆斯林.經濟.中國表現搶眼.反觀西方國家全部荒腔走板.中國特色共產主義徹底地打了民主自由好幾巴掌,39,negative
7857,旅行社朋友說，最近機票賣的特別好，尤其是年票？疫情期間怎麼可能？怪怪的,39,positive
7858,美國總統大選在即，總統蔡英文昨在國安高層會議指示，財經部會要特別注意美國總統大選後金融市場及經濟情勢的變化，並加強落實對受疫情影響產業的紓困措施，重大投資計劃及基礎建設計劃要加速推動，以強化經濟應變能力,39,positive
7859,一個正常的國家辦教育，不是要給自己的國人青年有正常身心成長學習的環境嗎?怎會是碰到疫情的影響就會因無或減少收入而停擺呢？這就是（學店）的觀念，執掌的教育部沒有責任嗎？趁機汰換這些（學店）應是當務之急吧？,39,negative
7860,怎麼疫情嚴重的地區的第三季GDP成長都比台灣好?,39,negative
7861,自己國內的武漢肺炎疫情，到現在還在不斷爆發，還有多個城市還在淪陷中，不好好的救治那些疫情災區的人民，還整天只打著名為收復，實則侵略別人家園的口號，可悲可恥,39,negative
7862,以接陸客為主的辦桌餐廳？∼∼現在疫情關係，全世界以國際旅客為主的行業都受影響！！除非它轉型降價推出以本地客為主的小套餐,39,negative
7863,沒錯台灣是世界防疫的大漏洞當疫情各國都沒了就剩下台灣變成疫情黑洞國.武漢病毒依舊潛伏亂竄唯一的好處是...連老共都放棄攻台.台毒嚴重,39,negative
7864,新冠肺炎疫情已導致美國托兒業者陷入財務危機，而該產業對支應其他產業運作至關緊要，若因缺乏政府紓困而紛紛倒閉，可能阻礙未來的經濟復甦,39,negative
7865,?圖：記者黃富貴攝??臺灣時報「第九屆兒童寫生繪畫比賽」，三十一日上午在加昌國小豋場，五百多名學童與家長齊聚加昌國小校園舞動彩筆，展開兒童寫生繪畫比賽，今年雖新冠肺炎(COVID-19)疫情衝擊，但參與兒童寫生繪畫比賽的學童熱情不減，親子相伴帶著畫板畫筆到現場彩繪，台灣時報與加昌國小老師們也為疫情嚴格把關，落實戴口罩及量體溫，不讓防疫出現缺口，守護參與活動的民眾健康，活動結束後，校園並進行消毒作業,39,positive
7866,（中央社記者陳家倫河內1日專電）越南是台灣第2大境外學生來源地，為擴大生源，受疫情影響，駐越南代表處首度以線上方式舉行台灣高教展，尖峰時刻逾3000人同時在線,39,positive
7867,是白痴，智障嗎？經濟，生活因為疫情已經夠苦夠煩的，沒事就惹事嗎？你們會被歧視，本來就是不正常的存在，雖然不反對，但也不代表接受，安安靜靜地，一起拼過這疫情的災害不好嗎？正常人不當，硬要當智障，白痴,39,negative
7868,記者陳柏翰／台北報導中央流行疫情指揮中心31日指出，國內新增1例來自印度的新冠肺炎境外移入病例，是一名本國籍男性，個案搭機時雖有適當防護，但11名外籍航空機組員因無特別防護，均列居家隔離對象,39,negative
7869,【新唐人北京時間2020年11月01日訊】一週經濟回顧：疫情下的雙城記，中國經濟何去何從?疫情下的雙城記，中國經濟何去何從?高科技大公司立場左傾聽證會火爆德國、法國又要開始封城鳳屏時間﹕倆口子政見不同怎麼辦?開場白﹕疫情下的兩個中國觀眾朋友們大家好，歡迎收看一週經濟回顧節目，我是東方,39,negative
7870,?圖：疫情指揮中心發言人莊人祥表示，基隆婦人疑似施打流感疫苗不良反應，有待相關檢測釐清真相,39,negative
7871,據NPOst公益交流站日前調查指出，受到新冠肺炎疫情影響，有64.8%的非營利組織出現捐款下降，49.1%面對被迫改變運作形態，有社福團體反映，因疫情無法群聚，大型活動難以辦理，只能把活動改由線上辦理，但捐款也隨之下滑,39,negative
7872,【國際中心／綜合外電報導】美國總統川普遭批輕視疫情，連自己都中鏢，民調顯示美國人整體而言對他抗疫表現不滿，疫情也成大選關注議題,39,negative
7873,佛系看待疫情現在苦了吧,39,negative
7874,秋冬全球疫情仍然嚴峻，觀光產業受創深，安心旅遊補助結束，旅行社紛紛開發新遊程等，搶國旅商機，中華民國旅行商業同業公會理事長蕭博仁疾呼，建請政府持續補助，鼓勵旅行社組團，帶動觀光經濟，中斷補助，他預估千家旅行社撐不到過年，將衝擊觀光產業數十萬人生計,39,negative
7875,新冠疫情讓韓國民眾上網時間暴增，金範洙創辦的熱門即時通訊軟體Kakao以及李海真創立的韓國最大搜索引擎網站Naver，而這也令他們兩人身家水漲船高,39,positive
7876,（法新社巴黎31日電）據法新社彙整官方數字資料顯示，第2波2019冠狀病毒疾病（COVID-19）疫情之下，本週至少14個歐洲國家的病毒相關住院人數達新高,39,negative
7877,誤讀誤解能造成大禍刻意的誤解.而且只為了一己私利.那麼這人就該遭到唾棄和審判中國遭遇美國霸權的垂死掙扎.時日漸趨緊迫.美英澳加日印在經貿無力遏制中國之餘.有強加軍事攻擊之可能近數月以來.中國已明顯地展開武力方向的準備.領導階層的公開講話.意在團結全民.動員民族力量以禦外侮中國共產黨權力穩固.軍經各方面發展順遂.人民普遍擁戴.對比於域外各國之疫情蔓延.經濟衰頹.社會動亂.中國全民必須也必定奮起保衛此好大一片淨土,39,negative
7878,【謝宛儒／綜合報導】武漢肺炎漫延全球又趨惡化，以《變形金剛》系列為人熟知的億萬導演麥可貝（MichaelBay）最近監製了以疫情為題的新片《鳴鳥》（Songbird，暫譯），描述4年後的美國仍封城，武漢肺炎病毒COVID-19已突變成COVID-23，更有許多確診病患被迫關進隔離營，該片釋出首支預告就被網友砲轟白目又冷血，揚言拒看,39,negative
7879,2019年10月25日用特朗普八字預測已斷言他不可能連任，新冠肺炎疫情是特朗普的「死穴」，他輸就輸在新冠肺炎疫情上，拜登會取得壓倒性選票而勝出，這是易學預測，信不信由你，坐等結果,39,negative
7880,週五美股大動盪，科技股集體淪陷，道瓊收跌157點，道瓊單週下跌6.5%，標普跌幅也達5.6%，創下3月份以來，最大單週跌幅，不僅美國疫情升溫，加上美國總統大選即將到來，根據美國哈特佛基金公司調查顯示，93％投資人認為大選將衝擊股市，84%預期投資行為也會大受影響，受國際不確定因素持續發酵，台股也動盪不安，第一金投顧董事長陳奕光認為，11月將呈現，開低走高格局,39,negative
7881,所以說穿的就是台灣太窮惹的禍嗎，貧窮衍生的社會問題真的比大家想像的還要嚴重許多！台灣的中華兒女們都希望兩岸趕緊統一，支持中共！中共只對台獨及煽動仇恨和分裂的不良分子有危險性，中共才是真正心中有「中華民族」四個大字的政黨，拒美毒豬毒牛，抗倭抗蠻，戰勝疫情，積極防澇，文化復興，璀璨古裝劇多如春筍，中共軍警兵強馬壯，大陸官民交口稱讚，建設日新又新，56個民族一家親，讓全世界中華兒女臉上有光！,39,negative
7882,2020ITF台北國際旅展今年雖然如期舉行，但受2019冠狀病毒疾病COVID-19疫情影響，規模縮小，昨天及今天參觀人數都比去年同期減少一半以上,39,negative
7883,新冠肺炎疫情打趴觀光夜市了嗎？不僅南六合、北士林分傳慘況是60年來前所未見、上百店家歇業收攤，沒想到人氣一向頗高的饒河夜市竟也傳出整體生意少了5成、已淪為娃娃機街，原本販賣旅行箱的業者更是全部倒閉！據《ETtoday》報導，房仲業者指出饒河夜市店面租金一路下跌，從2018年單價6189元至目前僅剩5095元、跌幅近2成，攤商感嘆國外觀光客全部消失、生意少了5成，原本販賣旅行箱的業者更是全部倒閉，取而代之的是娃娃機店，整條饒河街上就有11間,39,negative
7884,我國再增3例新冠肺炎病例，中央流行疫情指揮中心今日宣布下午2時緊急召開記者會，發言人莊人祥主持並說明該案例情況，沒有直播,39,negative
7885,英國/綜合報導持續關心歐洲疫情，英國在昨(31)日，累積確診人數破百萬，成為第9個確診人數破百萬的國家,39,negative
7886,為挽救受新冠肺炎疫情重創的經濟，中央流行疫情指揮中心指揮官陳時中昨（31）日透露，研議中的「經濟泡泡」需有兩項基本條件，一為「來台必要性」，二是過程是否符合「動線分離」、隔離到位,39,positive
7887,中央流行疫情指揮中心今日上午宣布，國內再新增3例新型冠狀病毒肺炎（COVID-19，武漢肺炎）境外移入確診病例，發言人莊人祥今日下午2時記者會說明,39,negative
7888,相信美?人民不傻....唯有跟中?搞好?系才能挽救疫情！厂厂,39,negative
7889,美選關鍵中西部疫情飆華盛頓30日綜合外電報導趕在11月3日美國總統大選投票日前最後一個週末，總統川普與民主黨候選人拜登都前往中西部造勢，但這個選舉一級戰區如今卻是疫情復燃熱點，兩人也難免就防疫進行交鋒,39,positive
7890,（中央社巴黎/馬德里31日綜合外電報導）為對抗第2波2019冠狀病毒疾病（COVID-19）疫情，歐洲一些政府再度下達封鎖令，但西班牙城市掀起抗爭潮，法國小鎮長支持商店照常營業，各地零星出現對管制措施的反彈,39,negative
7891,新冠肺疫疫情重挫全球經濟，不少人被裁員，生活遭逢巨變,39,negative
7892,【時報-各報要聞】疫情急遽惡化與紓困談判破裂，導致上周美股周線創下3月來表現最差,39,negative
7893,再學資本主義的那一套體制，那真的是死的更快.台灣的疫情防治是學西方國家嗎？,39,negative
7894,鼻屎國就是不敢說中國隱匿疫情,39,negative
7895,有用嗎?台灣這幾年幾乎年年出殺人犯但又有哪幾個真得依法判死法官找一堆理由當擋箭牌還有所謂專家出來護航政府打個改革大旗結果有錯有事馬英九改革改道整天活在過去一下蔣中正一下中國多不人道那到底什麼時候要關心台灣自己?還是台灣都聖人別人命值錢台灣人命不值錢武漢疫情疫苗還要先看是哪國家做的而不是先看到底有沒有用流行疫苗問題也一堆政府隨便做有做就好要人當聰明的人整天反中去中就好餓死怎樣死都沒關係,39,negative
7896,都出社會當到店長了，難道忘了今年因為疫情，一堆服飾品牌大廠都虧損得一遢糊塗？如果繼續虧下去，就可能像維多利亞的祕密英國分公司那樣，直接聲請破產，不是嗎？很明顯的，公司高層就是為了減少虧損所以才出此下策，如果無法接受，那就是離開被資遣，誰吃虧？妳以為妳是公務員嗎？如果今天公司大賺還對妳做這樣的事，妳再來投訴媒體啦~,39,negative
7897,布魯塞爾30日專電比利時疫情激增，總理德克魯今晚宣布採取更嚴格的封鎖措施，自11月3日起至12月13日止，所有非必要商店需關閉、維持宵禁、另邊界雖維持開放，但不建議跨國旅行,39,positive
7898,這種疫情記者會早就可以不用開了…千篇一律毫無意義……自嗨本土+0,39,negative
7899,【網路地產王/綜合報導】後疫情時代房地產熱潮延燒，台灣各地頻繁出現新建案搶購消息，位在台北市中正區羅斯福路的精品宅「羅丹」，上週末正式公開，中小坪數的規劃在區段內相當稀有，現場湧進大量人潮，引發熱議,39,positive
7900,新冠肺炎疫情讓全球航空旅遊陷入停滯，航空業者開始發揮巧思，創造飛行以外的收入來源，如販售設計師聯名服飾或開設機上餐廳,39,positive
7901,大家就帶好口罩等待這波疫情過去吧,39,negative
7902,國際油價上周五（30日）跌至五個月低點，月線連續第二個月收黑，因歐洲和美國新冠肺炎疫情急速升溫，加深市場對燃料需求前景的疑慮,39,positive
7903,又要怪政府怪教育部了？怎麼不去怪誰把疫情搞成這樣的某國？,39,negative
7904,全球股市近期受美國總統大選、新冠疫情復燃影響，表現相對疲弱，倫元投顧分析師陳學進指出，美國、台灣目前經濟數據表現亮眼，預期在不確定因素消除後，股市可望走高,39,negative
7905,1〔記者張慧雯／台北報導〕受到美歐疫情持續升溫，再加上美國總統大選在即，近來國際股市大幅向下修正，但投信業者分析，美國大選後無論誰當選，其實都是利多，重點就是消除不確定因素，台股後市不看淡,39,negative
7906,記者王正平／高雄報導一０九年全國大專校院運動會三十一日登場，副總統賴清德、教育部長潘文忠、體育署長張少熙出席開幕典禮，為選手加油打氣；賴清德指出，今年是全球運動選手最艱困的一年，因為肺炎疫情導致許多國際、國內賽事停擺，所幸政府、民眾齊心防疫，我們才有健康安全環境,39,positive
7907,國泰人壽慈善基金會、國泰世華銀行文化慈善基金會、國泰建設文教基金會、國父紀念館與伊甸基金會，10月31日於國父紀念館戶外中山公園廣場，共同舉辦第七屆「樹造幸福，伊起傳愛」愛心環保義賣會，主辦單位召集近百個愛心攤位共襄盛舉，也特別發起行動，請現場的工作同仁及參與的親友/客戶等，身著象徵「希望與和平」的白色系服飾，為台灣祈福、願疫情早日平息,39,positive
7908,對很多人來說，2020年是個充滿驚奇的一年，在新冠肺炎疫情的影響下，部分保險業務員拜訪量變少，很多單位的人力與業績都衰退了，但對中國人壽應許通訊處來說，2020年按部就班，隨著公司轉型工程的藍圖推進，1∼6月業績較去年同期成長54％、人力翻長一倍，談起這逆勢成長的驚奇之旅，徐苓芸表示，除了感謝公司轉型工程，引領了一條通訊處發展的康莊大道，也身先士卒帶著單位同仁都朝著同一個正確的方向前進，她更由衷感念全體應許夥伴都願意相信，「相信持續做對的事，好事自然會發生」,39,positive
7909,聽你放臭屁！？美國只有妥協合作救經濟跟疫情的份了，這點我明白的很！,39,negative
7910,中央流行疫情指揮中心宣布，台灣今天(1日)新增3例俗稱武漢肺炎的2019冠狀病毒疾病(COVID-19)確診，全部都是境外移入，目前累計558例,39,negative
7911,中央流行疫情指揮中心1日上午再公布國內新增3例境外移入病例，宣布下午2點舉行臨時記者會,39,negative
7912,馬來西亞遇害女大生的家屬，遇計今天（11月1日）晚間7點多，會抵達桃園機場，並且直接前往台南，但是因為疫情的關係，採用「外交泡泡」的模式，只要採檢呈現陰性，就會給予特別通融,39,negative
7913,如果台灣有災難只有大陸能救時.這個政府寧願台灣人死也不會讓大陸救!921如此.88風災如此.這回疫情宣示不用大陸製疫苗也如此!,39,negative
7914,?新冠肺炎疫情影響之下，讓不少民眾出門時不忘戴上口罩，對於咳嗽聲也變得異常敏感,39,positive
7915,武漢疫情在全球爆發，改變傳統消費行為，永豐金證券表示，非接觸支付產品的使用率大幅增加，行動支付指數自疫情低點以來上漲64.81%，外資研究預估全球數位支付市場規模在2023年將達到7兆美元，全球正加速進入無現金時代，台灣投資人透過複委託買入對應的ETF就可以掌握這股趨勢商機,39,positive
7916,因疫情肆虐全美，今年美國總統選舉選擇不在籍與郵寄投票的選民暴增，各州更改投票及重新投票的規範不同，總統川普又在最後關頭呼籲已投票選民改投，為複雜的選情增添變數,39,positive
7917,今年初新冠肺炎疫情衝擊，許多產業面臨經營困境，但也讓傳統產業數位轉型意外成為最夯話題,39,positive
7918,大衛王下跪，面伏於地，為全民呼求耶和華，疫情3日止住!現在民選的尾大總統在那堜O?,39,positive
7919,什麼都是空談！如果疫情不立刻控制及停止，任何國防、社會和經濟發展都會倒退或停止,39,positive
7920,（圖／TVBS資料畫面）新冠肺炎新增3例境外移入個案！中央流行疫情指揮中心將於今（1）日14時召開臨時記者會，由發言人莊人祥主持說明病例情況與後續防治作為,39,negative
7921,八大行庫連日買超台股穩軍心，聯電、友達、群創等獲青睞，蓄勢衝鋒受歐美疫情反覆、美國總統大選的干擾，台股上周明顯走跌,39,negative
7922,受到美股大幅波動走弱影響，台股上周呈現連續回檔跌破月線及季線，10月30日指數收低12.546.34點；本周盤勢拚重新站回季線上，除國際面緊盯美國大選結果、歐美疫情等因素外，國內關注大立光10月營收以及新一波科技公司法說會,39,negative
7923,Kahnle在洋基的表現其實蠻穩定的.不過不接受下放選擇成為自由球員.其實蠻不明智的;畢竟受傷後還需要復原期.2021年也不一定能回到場上.再加上現在疫情影響.許多球隊都在節省開銷.在受傷無法上場情況下.投入自由市場.卻不見得會有合約找上門.畢竟每個球隊需要的都是即戰力.不太可能跟一個身體有傷的簽約後再等他復原.雖然小聯盟也是停擺.但至少會有個保障合約在.可以趁在小聯盟時復健找回身手後.表現好自然能重回洋基一軍.再藉由在洋基的表現.投入自由市場.對於他的未來也會比較可期.畢竟他也已經30歲了.耗掉一年復健後也31歲了.對於運動員的巔峰期逐漸下降.想要找到好約也就更難了!,39,negative
7924,疫情升溫，美國大選將至，美股週五慘兮兮，受國際不確定因素持續發酵，台股也動盪不安，而外資已經連續三個月賣超台股，累計今年前十個月賣超，高達7050億元，創新高紀錄，不過第一金投顧董事長陳奕光認為，外資買盤可望陸續歸隊，11月將呈現，開低走高格局,39,negative
7925,國外疫情持續擴散，國人還可以自由進出，除了民眾警覺跟配合度高外，真的要感謝防疫人員,39,positive
7926,中時用意何在？說的全球疫情是因為台灣害的一樣！你TMD有沒有良心，你們也是台灣人生活在台灣，你他媽的是這樣對待你的國家嗎？,39,negative
7927,這些疫情失控的國家幾乎當初是執政者藐視病毒的國家.如美、英,39,negative
7928,金山海灣溫泉HOTEL想要求漁會返還履約保證金被法官駁回（翻攝自金山海灣溫泉HOTEL網站）〔記者吳昇儒／基隆報導〕主打「全國唯一的漁港溫泉會館」的金山海灣溫泉會館，今年4月底疑因受武漢肺炎（新型冠狀病毒疾病，COVID-19）疫情影響，結束營業,39,negative
7929,為對抗第2波2019冠狀病毒疾病（COVID-19）疫情，歐洲一些政府再度下達封鎖令，但西班牙城市掀起抗爭潮，法國小鎮長支持商店照常營業，各地零星出現對管制措施的反彈,39,positive
7930,今年疫情爆發初期捷克曾靠口罩為歐洲立下防疫典範，無奈民粹主義當道讓政府鬆懈防疫，如今反而成為疫情重災區,39,negative
7931,【記者張淑慧/高雄報導】雖然因為疫情影響台灣農產銷售，高雄型農做公益仍然不落人後，11月1日及11月8日連續兩週兩場分別在捷運鳳山西站及衛武營榕園辦理的公益活動，型農發起農產品熱捐參加義賣，活動所得捐助家扶中心及創世基金會外，現場還有1.000根香蕉要送給參與活動的民眾，為扶助弱勢族群貢獻一份心力,39,positive
7932,（中央社紐約1日綜合外電報導）年年吸引數萬人參加的紐約馬拉松賽，今年受到疫情影響而停辦，但死忠跑者在官方手機App協助下，只要跑完全42.2公里賽程，無論在哪裡跑，都可以獲得官方認證，一員參賽美夢,39,positive
7933,新冠疫情促使各國採取封閉隔離措施，民眾待在家時間變長、遊戲需求升高，連帶推升韓國電玩業蓬勃發展，包括Nexon創辦人金正宙（KimJung-ju）、NCSoft執行長金澤辰（KimTaek-jin）與Smilegate創辦人權赫彬（KwonHyuk-bin）等人笑得合不攏嘴，他們預期這股數位家庭娛樂風潮在疫情結束後仍將持續下去,39,positive
7934,縮水又漲，受不了，疫情，還要縮水又漲，無法承受,39,negative
7935,新型冠狀肺炎（COVID-19）疫情持續延燒，除了對生命帶來威脅，也改變傳統產業型態，工研院為了幫助產業提前布局掌握後疫時代先機、發揮跨領域研發能量，推出「2030技術策略與藍圖」，扮演產業轉型與升級的角色，協助台灣產業界在後疫情時代開創新局,39,positive
7936,國外疫情又升溫，台灣在這個時候要搞特權經濟嗎？！萬一因此造成國內的疫情該由誰來負責？！當初的零容忍跑去那裡了？！,39,negative
7937,為提振因武漢肺炎疫情停擺的經濟，中央流行疫情指揮中心研擬開放「經濟泡泡」，讓具特定身分來台從事商務活動者入境後可免隔離,39,positive
7938,〔記者陳忠榮台北報導〕再傳不良反應事件？基隆一名五十多歲婦人，疑似接種流感疫苗九天後，突然覺得四肢發麻，接著病情急轉直下，隨即插管住進加護病房；疫情指揮中心昨日表示，亟待進行各種病毒檢測，才能釐清是否與施打疫苗有關,39,negative
7939,台股29日再度形成向下跳空缺口，失守季線，引發短線轉弱疑慮，啟發投顧分析師楊基政指出，萬三關卡屢攻不過，季線開始走平，歐洲疫情再起，投資人現階段應採保守操作，布局上也應以9月營收及前三季財報較佳的個股為主；本周投資組合前兩大為鴻碩（3092）、撼訊（6150），再選入元大台灣50反1（00632R）、中租-KY（5871）與台翰（1336）,39,positive
7940,這些疫情失控的國家幾乎當初是執政者藐視病毒的國家.如美、英美國病毒,39,negative
7941,〔記者蕭玗欣／台北報導〕疫情衝擊全球旅遊業，台灣因防疫有成，旅遊業者尚有國內旅遊市場可以投入，但對3000多家旅行社來說只是杯水車薪,39,negative
7942,內文：全球再起新一波疫情，110學年第二次英聽測驗及大學學測，教育部及大考中心仍決定在大陸設考場，但屆時若要臨時取消大陸考場，考生要自行承擔無學測成績的後果,39,negative
7943,好無奈啊，台灣被武漢肺炎死傷的太少啦！！！應該疫情要跟外國一樣才對，最好都躲在家裡等賺錢，用電腦控制收錢，反正接待的人都不是高層校方---一堆噁心自私自利的少數台灣人,39,negative
7944,台灣感染症醫學會理事長黃立民表示，目前國內不少確診者都是在解除隔離後自費採檢才確診，「這是個很大的漏洞」，面對國際疫情再起，一定要立刻實施入境篩檢，「至少一次」，可以安排在解除隔離期滿時篩檢，減低一入境就篩可能的偽陰性對社區造成的威脅，且國外都已經如此實施了，唯有如此才能把洞補起來,39,positive
7945,新冠肺炎疫情影響今年全球經濟景氣，讓歐美電信業者放緩網路建設腳步，但法人認為，歐美電信業者明年對5G建設將轉趨積極，看好2021年將有5G及WiFi6換機潮齊發，帶動通訊關鍵晶片、5G用戶端設備、無線路由器等需求，台廠聯發科（2454）、廣達、仁寶、智易、啟痋B中磊、智邦喜迎商機,39,positive
7946,其實挺可悲的，疫情當前，萊豬強度關山，這群生不出孩子的人卻熱烈慶祝同性戀，大聲疾呼要平權！我們這些『正常』老百姓的擔憂、卻成為不可說的要求，在一紙行政命令下，犧牲了『正常生育』孩子的食安的保障！,39,negative
7947,〔本報綜合報導〕隨著新加坡疫情趨緩，政府逐步放寬措施之際，身為4個孩子的新加坡媽媽王微評終於圓了長久以來的夢想，開了她人生第一家雪花冰店,39,positive
7948,立法委員賴士葆近日在媒體上，針對新冠疫情與中天換照等議題有了一些發言，再度引起了我對他的注意,39,positive
7949,年初新冠肺炎疫情爆發，血友病少年小宇和母親因為兩岸關係緊張，一度滯留湖北，部立台北醫院呼吸治療師張莞爾當初自告奮勇前往大陸順利接回少年，張莞爾說，沒有想太多，單純就是以一個母親的心情想盡快把孩子接回來，沒感受到特殊政治氛圍,39,negative
7950,汪汪紅媒唱衰台灣最會啦，因為自己國家的疫情問題，說成好像台灣自己的問題一樣，亂下標題,39,negative
7951,??美國大選快要揭曉了，不管哪一位當選，但是以美國利益為第一優先的原則應該不會有任何改變，全世界都在等結果，從新冠肺炎疫情開始以來，病毒非常公平，把大家都打回原點，先進如歐美國家，也沒辦法控制突襲而來的疫情，連總統首相都確診，他們的國人不習慣戴口罩，經濟實力或國力都不如積極防疫的民眾力量！??前幾天跟歐盟的朋友們聚會，他們也很好奇台北市為何可以控制得宜，我回答因為台北市在十七年前發生SARS，和平醫院封院，當年的慘痛經驗讓台北市不敢輕忽，各大醫院與台北市聯合醫院17年來建置非常多的負壓隔離病房，和平院區也一直是傳染病專責醫院，準備了17年的台北市，才可以很從容的應對，台灣人對於這樣的傳染病並不陌生，十多年來台北人已經習慣坐大眾運輸時戴口罩，早已成為一種生活禮儀！??台灣在這波疫情中挺過第一年，北半球進入冬天，疫情警報又要響起，我們何其有幸，現在還可以正常上班上課，但是世界上的疫情還是很嚴峻，邊境管制的嚴格措施、台北市的防疫旅館與嚴格執行居家檢疫，是保護國內免於社區感染最重要的政策，但也造成經濟停滯與衰退，各行各業必須面對的未來世界，是完全不可知的，這點也很公平，不論是大企業或小店家，大家都一樣,39,negative
7952,中評社北京11月1日電／據央視新聞客戶端報道，據美國媒體《今日美國報》統計，美國29日確診病例增長速度已快於1秒鐘，為疫情暴發以來第一次，也就是說，平均每0.976秒就會新增一例確診病例,39,negative
7953,〔記者陳忠榮台北報導〕中央流行疫情指揮中心公布，國內昨日新增一起境外移入武漢肺炎病例，個案為六十歲本國籍男性，今年二月至印度工作，十月廿八日返國，台灣累計至今，共有五百五十五人確診,39,negative
7954,新北市政府與慈法禪寺今天上午在板樹體育館合辦「2020藥師佛文化節」邀集全國上百寺院、海內外僧?共修藥師法門共同為民眾祈福，盼全球疫情止息，現場還有公益園遊會、素食創意市集及文創桌遊等活動，吸引一般民眾親近佛法,39,positive
7955,邱鋒澤、許光漢兩位男神10月31日不約而同歡慶生日，邱鋒澤日前參與粉絲為他舉辦的32歲慶生會，因疫情及工作已近1年沒有回家鄉新加坡的他，許願所有人平安健康，同時不忘「五堅情」團員，盼明年唱進台北小巨蛋,39,negative
7956,記者廖哲民／台北報導武漢肺炎（COVID-19、新冠肺炎）疫情仍持續延燒，截至今（1）日上午10時，全球確診人數高達4637萬3777例，而美國疫情日益嚴重，已累計940萬2590人感染,39,negative
7957,為搶救被疫情影響的經濟，指揮中心規劃經濟泡泡，擬開放具特定身分入境民眾免隔離,39,positive
7958,台灣根本毫無疫情，你知道為什麼嗎？因為每個台灣人都深知支那人不可信，所以打從一開始疫情爆發時，我台灣就禁止支那人來台,39,negative
7959,明知道受疫情影響這時間點的大遊行有必要嗎??,39,negative
7960,這是一個充滿假象的地方從假博士假疫情假新聞假食安假保外就醫假台獨男的可以當假女人女的可以當假男人治安的假象很奇怪嗎,39,negative
7961,美歐新冠肺炎疫情單日確診人數攀高，加上美國總統大選前市場觀望氣氛濃厚，美股持續修正，影響台股拉回整理，法人建議不妨持續觀察，操作保持彈性，留意逢低進場機會,39,negative
7962,（中央社米蘭／巴黎31日電）義大利衛生部今日表示，境內過去24小時新增3萬1758人確診感染2019冠狀病毒疾病（COVID-19），創下疫情爆發以來新高紀錄，改寫30日創下的3萬1084人染疫紀錄,39,negative
7963,美國病毒疫情造成22萬人死亡，將近一千萬人確診，不知死活的豬頭川普牠肯定要負責吧??牠下台是唯一選擇????????????????????????????????,39,negative
7964,疫情當前，人們不再奢華？,39,positive
7965,【新唐人北京時間2020年11月01日訊】新疆喀什突爆中共病毒疫情，目前仍在繼續蔓延,39,negative
7966,娃娃機屋其實也沒什麼不好.晚上燈火明亮.又伴隨著擾人清夢的機台聲三不五時就有機台主或8+9鬼吼鬼叫+隨意便溺噴血便血尿亂丟菸蒂垃圾製造噪音治安與生活環境應該都會好很多@@a...其實就前4年大多數做觀光客&過路客生意的商家的生意狀況普遍就每況愈下了後疫情時代的觀光旅遊環境+做生意的方式也沒什麼改變.就還是髒貴臭的居多現在人還是會出去走走.但口袋裡的小朋友應該是不會隨便出走...,39,negative
7967,好笑，對岸有疫情嗎？整天洗腦國內出一些綠呆,39,negative
7968,疫情決定高單價產品銷售額,39,positive
7969,被暱稱為「歐記健保」的「可負擔健保法」(AffordableCareAct)新年度登記1日展開，數以百萬計因疫情導致經濟困難而失去醫療保險的人，將可登記加入這項由政府補貼保險，登記期限至12月15日為止,39,positive
7970,——————————————————因新冠疫情，造成約3000位境外生放棄來台就學，國內大學因此損失2、3億元學雜費收入,39,negative
7971,所以疫情只有影響台灣大學？？世界各國境外生都沒有減少只有台灣減少？？去對比一下外國的情況好嗎？台灣情況已經算不錯了，總是做這種報導真的是用心險惡,39,negative
7972,加賴：wu936約學生吃粉嫩鮑魚加賴：wu936可看影約正妹或者自慰影片Telegram：kukw8Telegram：kukw8年突如其來的新冠疫情，打亂了整個社會的經濟秩序，也對不少行業的發展,39,negative
7973,第18屆台灣同志遊行昨天在台北市政府前舉行，由於疫情影響，外國民眾無法到場參與，根據主辦單位「台灣彩虹公民行動協會」統計，現場超過13萬人共同參與，此次遊行主題為「成人之美」，強調性多樣社群不只是需要「被看見」，而是應該被真正地理解與尊重，每個人都是最美的存在,39,negative
7974,〔記者呂佩琍高雄報導〕臺灣時報「第九屆兒童寫生繪畫比賽」，三十一日上午在加昌國小豋場，五百多名學童與家長齊聚加昌國小校園舞動彩筆，展開兒童寫生繪畫比賽，今年雖新冠肺炎(COVID-19)疫情衝擊，但參與兒童寫生繪畫比賽的學童熱情不減，親子相伴帶著畫板畫筆到現場彩繪，台灣時報與加昌國小老師們也為疫情嚴格把關，落實戴口罩及量體溫，不讓防疫出現缺口，守護參與活動的民眾健康，活動結束後，校園並進行消毒作業,39,positive
7975,中央流行疫情指揮中心宣布，台灣今天新增3例新冠肺炎(武漢肺炎)境外移入個案，指揮中心將於下午2時召開臨時記者會，由發言人莊人祥說明，國內累計病例數達558例,39,negative
7976,聯合盃作文大賽南投區初賽昨天在旭光高中及埔里國中舉行，不畏新冠肺炎疫情，共有76所學校1455人參加，人數創下新高,39,positive
7977,疫情大家都知道怎防範！擔心的是突發的地震∼∼,39,negative
7978,約2、3000個人因為疫情因素而放棄來台就學，主要是來自印度、菲律賓及印尼等國的學生,39,negative
7979,中央流行疫情指揮中心今天（31）宣布，國內新增3例武漢肺炎病例，將於下午2點緊急召開記者會，發言人莊人祥主持並說明該案例情況,39,negative
7980,國際中心／謝宛真報導歐洲疫情再起，英國首相強生宣布英格蘭地區自11月5日進行第二次「禁足令」，奧地利總理庫爾茨（SebastianKurtz）31日也宣布，奧地利從11月3日起將再次進行封鎖措施並實施宵禁，以阻止武漢肺炎（COVID-19，新冠肺炎）疫情蔓延,39,positive
7981,疫情下唯一可以辦的大型活動，這是什麼邏輯,39,negative
7982,記者蔡琇惠／新北報導「二０二０藥師佛文化節」一日在新北市板樹體育館展開，市長侯友宜到場禮佛，和慈法禪寺住持淨耀法師及海內外僧眾，祝禱新冠肺炎疫情結束，全球民眾健康平安,39,positive
7983,新頭殼newtalk4天累計9例確診！今天14:00中央流行疫情指揮中心召開臨時記者會，由莊人祥發言人說明新增3名境外移入個案，目前累計558例,39,negative
7984,中評社香港11月1日電／奧地利總理庫爾茨10月31日宣布，奧地利將從11月3日起再次實施全國“封鎖”措施，以遏制新冠疫情蔓延,39,positive
7985,（中央社記者楊明珠東京31日專電）每逢萬聖節，東京澀谷常常會有特殊嚇人裝扮者聚集，這種「群魔亂舞」的景象今年受武漢肺炎疫情影響改善許多，澀谷街頭幾乎沒見到有特殊裝扮的人潮湧至,39,positive
7986,法國近日除持續攀升的新型冠狀病毒肺炎疫情外，宗教議題也成了社會動盪的因素,39,negative
7987,它生意已經不好很多年了，又不是現在才這樣，疫情期間沒客關店全世界每一個國家都ㄧ樣，一點都不特別，沒報導價值,39,negative
7988,武漢肺炎造成多少人命死亡，中共有出來賠償受害者嗎？因為此疫情失業又有多少人，連認錯都沒有,39,negative
7989,躲得過肆虐全球的肺炎疫情，躲不過神壇進口的流感疫苗,39,negative
7990,肺炎疫情襲捲，各行各業都被影響，農委會為了拯救水禽產業，周六日舉辦「好鴨益氣，食補鴨香」，愛用國產番鴨的活動，促進「紅面番鴨」的買氣,39,positive
7991,記者於慶璇／台南報導24歲馬來西亞籍鍾姓女學生，2年前怒力說服爸媽台灣很安全，總算得以來台，目前就讀長榮大學三年級，28日晚間下課獨自返回租屋處時，卻遭人持麻繩從後方勒殺，消息震驚馬來西亞，鍾女雙親接獲噩耗後難以置信，心碎哭喊：「我只要我的女兒活著回來！」今年暑假期間，鍾母考量到疫情關係，沒讓寶貝女兒回國，全家最後一次見面是在今年過農曆年間,39,negative
7992,道瓊上週五下跌157.51點，當週累計下跌6.5％，為3月疫情引發市場震盪以來最糟一週表現,39,negative
7993,笑死人了，是台灣民眾怕死早就戴上口罩才躲過疫情，牠媽的神壇神棍們剛開始還在宣傳健康的人不用戴口罩哩！還好沒聽神棍們的話，不然早爆了啦！一天到晚還在造神哦哦哦！哈哈哈哈哈哈哈！????????????,39,negative
7994,無論誰當選，美國人都會因為疫情，繼續一直死,39,negative
7995,為對抗第2波新冠肺炎疫情，歐洲一些政府再度下達封鎖令，但西班牙城市掀起抗爭潮，法國小鎮長支持商店照常營業，各地零星出現對管制措施的反彈,39,negative
7996,英國武漢肺炎確診病例在昨（31）日飆破100萬例，寫下恥辱性的「里程碑」，有鑒於疫情不受控，英國首相強生昨晚間召開記者會，宣佈自周四（5）日起，英格蘭地區開始實施第二次封城，直到12月2日結束，而莫斯科也不敵武漢病毒，宣布取消從未停辦過的紅場大閱兵,39,positive
7997,申豐（6582）受惠歐美疫情再起，醫療級手套需求仍旺，搶短買盤持續，上周五收盤231.5元，帶量突破225元整數關卡，再創上市以來新高,39,positive
7998,美國大選進入倒數計時階段，當地2019冠狀病毒疾病（COVID-19，新冠肺炎）疫情加劇，30日創下24小時內新增診逾10萬人的空前紀錄,39,negative
7999,（中央社巴黎31日電）據法新社彙整官方數字資料顯示，第2波2019冠狀病毒疾病（COVID-19）疫情之下，本週至少14個歐洲國家的病毒相關住院人數達新高,39,negative
8000,〔記者吳亮儀／台北報導〕幾乎天天有新增武漢肺炎(新型冠狀病毒病，COVID-19)病例！中央流行疫情指揮中心今天公布新增3例境外移入病例，下午2點將舉行臨時記者會說明,39,negative
8001,死心吧！疫情延燒還沒完沒了,39,negative
8002,每州對何時開始計票規範不一選舉結果可能要大選後幾天、甚至幾週才會出爐恐衍生爭議華盛頓30日綜合外電報導11月3日美國總統大選投票日倒數，目前超過8500萬選民提早投票，全國提早投票人數已超越2016年投票總數的6成，疫情效應與總統川普選戰激化，造就這次投票率大增,39,positive
8003,因為新冠肺炎的疫情受到抑制，再加上各國封城紛紛解禁且經濟活動重新開始，所以讓GDP迅速,39,positive
8004,疫情衝擊之下，邊境持續管制，觀光客進不來讓旅遊相關產業首當其衝，為了求生存，不少導遊領隊，甚至航空公司地勤改當小黃運將，從今年1月至今，前兩大車隊就增加了1800多位司機,39,positive
8005,台北31日電第18屆台灣同志遊行今天登場，主辦單位表示，雖然受疫情影響，但今年仍有13萬人共襄盛舉，也讓台灣同志遊行成為今年度北半球最大的同志遊行,39,positive
8006,小粉紅覺得大陸沒疫情，好棒棒喔，阿怎麼不飛過去玩啊，去吧去吧去吧,39,negative
8007,之前新冠肺炎疫情，造成約3000位境外生放棄來台就學，國內大學因此損失2、3億元學雜費收入,39,negative
8008,圖／molly莫莉文／張雅筑因疫情關係，今年不少人都覺得很鬱悶無法出國，但也因此更有機會好好探尋台灣的景點、征服「秘境」,39,positive
8009,中央流行疫情指揮中心今日公布國內新增3例境外移入新冠肺炎病例（案557至559），分別自印尼及美國入境,39,negative
8010,記者洪玲明／台北報導中央流行疫情指揮中心今（1）日下午14:00再次召開臨時記者會，由發言人莊人祥說明「新增3名境外移入個案」事宜,39,negative
8011,疫情泡泡嗎？這根本是讓大家來互相感染,39,negative
8012,（中央社柏林31日綜合外電報導）經過9年的延宕以及預算嚴重爆表下，德國柏林新機場今天終於開幕啟用，卻碰上2019冠狀病毒疾病（COVID-19）疫情重挫航空業，開幕儀式因此在沒有鑼鼓喧囂聲中，低調完成,39,negative
8013,越南成第2大境外生源地台灣高教展數千人收看（中央社記者陳家倫河內1日專電）越南是台灣第2大境外學生來源地，為擴大生源，受疫情影響，駐越南代表處首度以線上方式舉行台灣高教展，尖峰時刻逾3000人同時在線,39,positive
8014,記者葉志成／桃園報導為因應疫情後的綠色消費需求，桃園市環保局從8月份起，連續辦理3個月共計25場次的「109桃園綠色消費樂購季」，最終場於10月31日在家樂福內壢店圓滿落幕，為全台最受歡迎的綠色消費活動畫下完美句點,39,positive
8015,（中央社記者陳偉婷台北1日電）中央流行疫情指揮中心今天宣布，新增3例武漢肺炎（2019冠狀病毒疾病，COVID-19）境外移入，2人為印尼籍從印尼入境，1人為台灣人從美國入境,39,negative
8016,新冠肺炎新增3例境外移入個案！中央流行疫情指揮中心將於今（1）日14時召開臨時記者會，由發言人莊人祥主持說明病例情況與後續防治作為,39,negative
8017,顏色對了奈我如何?政府無能，禍事連連，女大生嚮往臺灣安全破功，;飛官喪命15人，交通事故，火災死傷，強制百姓吃毒豬，假疫情，真內宣.笑死國際;揮霍國庫，動盪兩岸;搞台獨策略，刪課綱，說愛臺灣?最大騙子民進黨，民心不安，真是臺人的悲哀，蔡破格應帶團隊下臺謝罪!,39,negative
8018,中評社北京11月1日電／據央視軍事報道，美國雷神公司首席執行官雷格·海斯10月27日在公司電話議上表示，由於新冠疫情大流行導致商業航天銷售額下降，雷神技術公司將削減1.5萬餘名員工和4000餘個承包商職位，共計將近2萬人,39,negative
8019,1〔記者張慧雯／台北報導〕美國總統大選在即，再加上全球疫情蔓延，國際股市近期大幅震盪，投信業者建議，投資人若善用日日扣、加減碼功能，讓定期定額扣款計畫更細膩，有效分散投資時間點，同時也能分散風險,39,positive
8020,莫怪陸客疫情台北有的餐廳一樣高棚滿坐內需的力道啊！,39,positive
8021,台中國際馬拉松因疫情從2月延到11月舉行，仍吸引約12000人參與,39,positive
8022,全球普篩檢驗有症狀及無症狀病患，正面性的去面對病毒及疫情！台灣呢？鴕鳥心態得過且過的消極面對,39,negative
8023,NBA總裁席爾佛(AdamSilver)剛忙完總冠軍賽又要頭痛了，他必須說服球員工會在年底耶誕節開打新球季(2020-21)，如果依照工會希望的明年1月中旬開打，聯盟可能損失多達10億美元(約台幣286億)！今年即使只被新冠疫情掃到後半球季，仍讓聯盟少賺了15億美元,39,negative
8024,靠著817不要命的支持，蔡陰魂有恃無恐發起狠勁，對外當起仇中刺蝟，對內疫情造神，愚民獨裁頗為成功，現在萊豬是要要把台灣人推落萬劫不復深淵,39,negative
8025,英國疫情不是很嚴重嗎?為什麼還要住在英國?是不是知道自己國家不好?,39,negative
8026,疫情影響民眾返台就學或出國念書！教育部雖表明將設置大陸考場，協助台校應屆畢業生考大學學測，但今年受疫情衝擊，3所台商學校有許多學生選擇回台就學，或是放棄大陸頂大碩士文憑，轉學回台；另有學生因為歐美疫情緊張，放棄今年赴美留學計畫，先在台選修部分學分，留學之路漫漫,39,negative
8027,2020年來全球疫情反覆，一踏進第四季就出現病毒大反撲，2日（周一）公布的10月臺灣採購經理人指數，包括製造業PMI已經過第三季的7、8、9月連續三個月呈現擴張，非製造業NMI則自6月至9月連續四個月擴張，兩項指數來到10月應該尚有「抗體」，不至於一夕之間垮台，惟出口商仍掛心到手的訂單能否在歐美再封城下如期出貨？此次歲末年初的傳統旺季，出口、內需廠商都賺的心驚驚,39,negative
8028,國旅帶動寵物旅遊熱潮持續延燒，根據Booking.com最近公布的數據分析顯示全球與台灣皆有超過一半的旅客認為毛小孩就跟子女一樣重要，另外有40%以上的飼主會根據能否有寵物同住來選擇旅遊地點，且會選擇比一般住宿稍貴的寵物友善飯店，此外，在疫情期間無法出國旅遊的狀況下，「寵物友善」篩選條件使用量成長了一倍，皆說明了主人對於毛孩的重視程度,39,positive
8029,…這要麼搞大遊行？天涼不應更加小心警戒？人家歐洲都封城了…之後不幸疫情大爆發，病毒不分你我，真正平權…,39,negative
8030,綜合報導/英國持續關心歐洲疫情，英國在昨(31)日，累積確診人數破百萬，成為第9個確診人數破百萬的國家,39,negative
8031,國際中心／許珮絨報導武漢肺炎（COVID-19、新冠肺炎）疫情仍持續延燒，截至今（1）日上午10時，全球確診人數高達4637萬3777例，累計120萬193人死亡；其中最大疫區美國累計共940萬2590人感染，造成23萬6072人不幸死亡,39,negative
8032,倫敦30日專電歐洲第二波疫情來勢洶洶，為了保住耶誕假期，據傳英相強生將聽取專家建議，於下週宣布全國禁足令,39,positive
8033,就算沒有疫情，看看這位就讀長榮大學的馬來西亞的女學生，警察吃案，日後法官又輕判，誰還願意來台灣？,39,negative
8034,台北市/徐筠庭綜合報導中央流行疫情指揮中心今（1）日上午宣布，我國新增3例武漢肺炎（新型冠狀病毒肺炎、COVID－19）境外移入確診病例，將於下午2點召開臨時記者會，由指揮中心發言人莊人祥說明詳細狀況,39,negative
8035,受疫情影響，今（二○二○）年各大活動紛紛停辦，但好在台灣防疫得當，一年一度最受電視圈注目的金鐘獎，九月底順利落幕,39,positive
8036,行政院去年宣布山林開放政策，加上新冠疫情無法出國，「瘋登山」成為不少人選項，結果讓不少縣市消防救難人員疲於奔命,39,negative
8037,川普陣營.極盡醜化拜登之能事.試圖翻盤.但疫情嚴重失控.及他激化黑白種族矛盾.絕不可能連任成功的!因此.只能使出奧步!,39,negative
8038,記者洪玲明／台北報導中央流行疫情指揮中心今（1）日下午14:00再次召開臨時記者會，由發言人莊人祥說明「新增3名境外移入個案」事宜,39,negative
8039,雖然疫情率先在中國爆發，而且美國總統對中國下達了各種制裁，但這個全球第二大經濟體仍比去年同比增長4.9%,39,positive
8040,新頭殼newtalk4天累計9例確診！今天14:00中央流行疫情指揮中心召開臨時記者會，由莊人祥發言人說明新增3名境外移入個案，目前累計558例,39,negative
8041,不知是否跟疫情減收有關?,39,negative
8042,武漢肺炎全球最新情報11/1（中央社台北1日電）美國大選進入倒數計時階段，當地2019冠狀病毒疾病（COVID-19，武漢肺炎）疫情加劇，30日創下24小時內新增診逾10萬人的空前紀錄,39,negative
8043,編譯王能斌／綜合外電報導法國近日除持續攀升的新型冠狀病毒肺炎疫情外，宗教議題也成了社會動盪的因素,39,negative
8044,最新數據顯示，美國企業債務違約案件比投資者數月前預期的更少，顯示聯準會與美政府的政策支撐之下，企業度過疫情衝擊最糟的時刻，此現象不但帶動企業債價格並且提振債市，也為美國經濟帶來令人鼓舞的訊息,39,positive
8045,AR／VR科技也是新冠肺炎疫情衝擊而受惠的應用產品之一,39,positive
8046,疫情下長期封鎖社區已導致意外的嚴重後果：自殺案例上升，憂鬱症，毒品和酒精濫用，等等,39,negative
8047,新冠肺炎疫情重創觀光產業，嘉義市接連推出強檔活動，力拚觀光，今天閉幕的全國最大夜遊光影藝術展「光織影舞」，1個月展期吸引70萬人次參觀，11月新上檔古董車秀，12月國際管樂節登場，市長黃敏惠到大型旅展活動行銷嘉義市,39,positive
8048,全國大專校院運動會31日晚間在高雄大學登場，陸海空三軍揭開序幕，副總統賴清德致詞時說，俗稱武漢肺炎的2019冠狀病毒疾病(COVID-19)疫情全球肆虐，台灣還能如期舉辦賽事非常幸福,39,positive
8049,呵呵看來台灣壹週刊香港民運1450到美國總統大選很深阿拜登當選第一目標先就美國經濟跟疫情勢必緩和跟大陸的緊張關西CCC習豬鼻報應到來了一整年1450美國川普CCCC,39,negative
8050,（中央社秘魯庫斯科31日綜合外電報導）巴葉斯原本是位赫赫有名的導遊，帶著世界領袖、流行歌手，甚至公主，遊覽曾為印加王國的秘魯各地，但受到武漢肺炎疫情影響，他現在只能自製冰淇淋販售維生,39,negative
8051,【記者高金次新北報導】「2020藥師佛文化節」於(1)日在板樹體育館盛大登場，慈法禪寺邀集全國上百寺院、海內外僧?共修藥師法門，祈願全球疫情止息，並有公益園遊會、素食創意市集及文創桌遊等活動，吸引大眾親近佛法，市長侯友宜也特別到場祝禱疫情結束、全球安和、民眾健康平安,39,positive
8052,中央社／台北31日電一群急診醫師組「重症搖滾」樂團，將疫情間最美風景、想對台灣人說的話譜寫成詞曲，創作出「親愛的台灣人」一曲，獻給疫情中每個角落努力付出的人,39,positive
8053,國際中心／許珮絨報導武漢肺炎（COVID-19、新冠肺炎）疫情仍持續延燒，截至今（1）日上午10時，全球確診人數高達4637萬3777例，累計120萬193人死亡；其中最大疫區美國累計共940萬2590人感染，造成23萬6072人不幸死亡,39,negative
8054,中央流行疫情指揮中心莊人祥發言人昨日說明【國內新增1例自印度境外移入COVID-19個案】,39,negative
8055,（中央社記者林育立柏林30日專電）奧地利新聞報刊登衛生福利部長陳時中投書，指出台灣模式可協助其它國家對抗疫情，呼籲世衛納入台灣,39,positive
8056,民進黨黨員根深蒂固最會死鴨子嘴硬，政官尤最，事故發生，找理無理怪前朝，編數據，假新聞，疫情烏龍，笑死國際，難怪泡泡旅被國際排除，817萬外台人真是倒霉!!,39,negative
8057,看來菲律賓又要炸裂了，疫情+颱風,39,negative
8058,其實國外的人士幾乎都是從疫情開始到結束戴口罩都不當回事，nba，mlb冠軍那ㄧ剎那成千上萬的人都沒戴口罩,39,negative
8059,為因應疫情後的綠色消費需求，桃園市環保局從8月份起，連續辦理3個月共計25場次的「109桃園綠色消費樂購季」，最終場於10月31日在家樂福內壢店圓滿落幕，為全台最受歡迎的綠色消費活動畫下完美句點,39,positive
8060,撰文者：張庭瑋編譯COVID-19疫情大流行，大幅改變了消費者的購物習慣，比方說人們為了更注重衛生，因此大量購買清潔用品；長期居家生活則讓掃地機器人大賣,39,positive
8061,只會有境外啦！無論世界疫情多麼嚴峻，台灣只有唯一0確診,39,negative
8062,你還真的關心疫情呢？真的關心疫情不會在這當蒜民人家不能來念書關你什麼事,39,negative
8063,受疫情影響，加速帶動在歐美、日本及印尼等國家在教育市場的Chromebook需求，推升全球Chromebook機款出貨在第三季飆升、第四季持續增溫，全年估將首度突破2字頭、直衝2.500萬台左右，2021年將在歐洲、泛亞市場維持強勁需求帶動下，續以雙位數增幅向上、超越3.000萬台,39,positive
8064,中央流行疫情指揮中心為因應武漢肺炎疫情，今日14：00將召開臨時記者會，由發言人莊人祥說明新增3名境外移入個案等議題,39,negative
8065,台南長榮大學24歲馬來西亞籍鍾姓女大生遭擄殺棄屍，震驚台灣與馬來西亞社會，突如其來的噩耗令死者爸媽不能接受，原本預計要等明年疫情緩和來台參加愛女的畢業典禮，如今卻提前來處理後事，痛喊「為什麼要殺害她？我不要！我不能放過他！我不能原諒他」，白髮人送黑髮人令人鼻酸,39,negative
8066,受疫情影響大聯盟成縮水球季，今年例行賽關門打少了門票收入，難以評估明年新球季收入情況下，包括打進世界大賽的光芒等多隊精打細算，先不執行部分主力球員合約選擇權，再看自由球員市場補強,39,negative
8067,他們的衣服日本人也不穿的，而且日本價格比臺灣便宜好幾倍，如果疫情結束去日本買也值得，而且NET反而更好穿,39,negative
8068,因為疫情關係，民眾都無法出國，日本傳出年底即將解禁，但就有留日的台灣學生坦言，日本疫情從來沒有減緩過，奉勸大家真的不要來,39,negative
8069,英國傳不滿中國隱瞞疫情，或不讓華為參與5G建設,39,negative
8070,因?你薪水太高了，而公司因?疫情生意不好，所以想?法合理化降低?工薪水，現在很多衣服?板其?是不合穿的,39,negative
8071,看這標題下的你大學就只想賺錢撈錢?不管國內如此辛苦的防疫！！很不容易的國內防疫有此成效?你大學還想著要讓其他國家來擴散疫情嗎！？,39,negative
8072,等世界各國疫情平息，台灣人要出國會成為各國檢驗的對象，自己都沒做普篩，連社區抽樣篩檢都不做，當然是漏洞！！,39,negative
8073,美豬優先美豬第一美豬即將被疫情與暴力毀滅了？自以為是自作孽不可活？,39,negative
8074,記者李恬郁／臺北報導中央流行疫情指揮中心今日公布國內新增3例境外移入新冠肺炎病例（案557至559），分別自印尼及美國入境,39,negative
8075,女星楊丞琳去年9月與大陸歌手李榮浩登記結婚，不過受新冠肺炎疫情影響，小倆口自年初就分隔兩地，已經大半年沒有見面，不過平時仍在IG上放閃、曬恩愛,39,negative
8076,記者鄭廷瑋／綜合報導世界上許多國家可說都在2020年遭到武漢肺炎（COVID-19、新冠肺炎）疫情重創，不過今年NBA選秀的狀元大熱門、19歲的AnthonyEdwards卻在近日一次受訪中表示「疫情爆發沒什麼」，他的言論讓許多球迷聽完都「有聽沒有懂」，一起來看看,39,negative
8077,受到疫情影響，有些行業賺到翻，而有些行業則倒閉或失業,39,negative
8078,後疫情時代房市明顯向上，高鐵桃園站特定區（青埔特區）在桃園市調價最明顯，部分推案開價登上4字頭，但觀察實登網今年以來成交價，扣除1樓店面的新大樓，僅有10筆4字頭，專家直言，除非房市全面起漲，青埔4字頭很難成為常態,39,negative
8079,支那豬因為水災疫情糧荒哪有什麼錢買手機~,39,negative
8080,這樣就換台灣要疫情吃緊，跟上世界潮流,39,negative
8081,國際疫情越來越嚴重，若國人要躲回來就算了，連外國人你們都不防嗎？,39,negative
8082,?圖：台鐵局提供?台鐵今（31）日表示，萬華站、礁溪站預計十一月四日，分別與日本西武集團下近江鐵道、伊豆箱根鐵道車站，締結為姐妹站，隨後攜手推動觀光，並期待疫情結束後，替台日雙方帶來更多客源,39,positive
8083,中評社北京11月1日電／據新華網報道，奧地利總理庫爾茨10月31日宣布，奧地利將從11月3日起再次實施全國“封鎖”措施，以遏制新冠疫情蔓延,39,positive
8084,國外疫情延燒，這個時機點你開放特定人士免隔離是在哈囉？還是你要讓台灣防疫破口出現？不要亂搞好嗎？,39,negative
8085,美國總統大選進入最後衝刺期，美股卻陷入新一輪紓困案未決、歐美疫情嚴峻的愁雲慘霧中，全球股市劇烈震盪,39,negative
8086,針對疫情台灣不是很久沒有本土狀況了嗎？難道民進黨的欺騙政策讓人識破了………人不來卻硬要美豬來蔡英文妳會死無葬身之地的,39,negative
8087,如何動手做簡單又好吃的素食料理呢?在慈大校慶系列活動「扭轉疫情，慈大同行」健康素食淨斯創意料理品嚐會，邀請到花蓮區人文推廣團隊，用淨斯產品做創意料理，每道素食都是健康又美味，而最重要的是在全球疫情仍然十分嚴峻的時期，期待人人虔誠戒慎、齋戒茹素，消弭這世紀大災難,39,positive
8088,台灣資訊和媒體發達，如果真的有疫情被隱瞞，怎麼沒有任何醫師醫護病人出來開記者會踢爆?,39,negative
8089,（中央社東京1日綜合外電報導）日本動畫「鬼滅之刃」10月16日在日本上映，動漫迷無畏疫情排隊進場觀看，到10月31日的16天觀影人次就突破千萬；鬼滅之刃日前僅用10天就賣破百億日圓票房，刷新日本影史紀錄,39,positive
8090,疫情還有辦法解決，神精病難防...,39,negative
8091,鈊象（3293）受惠於基本面穩健，加上歐美疫情尚未趨穩定，「宅經濟」趨勢仍將持續，有望為鈊象第四季營運帶來貢獻,39,positive
8092,因疫情景氣真的很不好，你要不同意減薪的話，那只有離開這條路了,39,negative
8093,勞工果然是最軟的那一塊基本薪資漲個幾塊勞保直接漲個11%紓困農保工會領爽爽勞工一樣受到疫情衝擊沒訂單結果還要貸款紓困這政府真厲害,39,negative
8094,圖／molly莫莉文／張雅筑因疫情關係，今年不少人都覺得很鬱悶無法出國，但也因此更有機會好好探尋台灣的景點、征服「秘境」,39,negative
8095,反正這個政府就只知道粉飾太平.疫情未過.台灣雖無大災.但一拖拉庫的行業幾乎都滅頂了.有多少家庭是在吃老本.景氣如此之差.還在那造神.整天吹台積電.難道光靠一家台積電就能養活全台灣嗎?更何況台積電是人家外資的!!!製造業也一堆影響.台幣狂升.一堆廠商都快GG了.還是沒看到政府因應對策.只知道哪個喊比較大聲.就灑點錢.中華民國這幾十年存下的老本.老尤達.肥豬+賊禿聯手兩任就可以敗光了.反正她無後.管你以後台灣變怎樣!,39,negative
8096,疫苗都快出來了，還在危言聳聽？難道看不出來，歐美陣營都在企盼疫苗拯救公衛困境與經濟災難？各國要不是疫情太嚴峻，大概沒有人願重啟封城！,39,negative
8097,還是太高了...在疫情衝擊下.美科技股早已成泡泡了,39,negative
8098,在外國生活不是很好嗎？哦！被疫情嚇醒了？想起中國的好了，要你檢查個身體狀況，還抱怨呀！就這種心態，你別回來帶賽給國內人了！想起中國大陸一開始疫情嚴重時，你們的心態是怎樣？,39,negative
8099,美國總統大選即將揭曉，卻遭逢歐美疫情惡化，投資市場出現恐慌拋售，恐慌指數（VIX）急遽飆升至6月來最高，30日來到38.02,39,negative
8100,疫情還是要顧吧！,39,negative
8101,天氣漸冷，新冠疫情再度升溫,39,negative
8102,（台灣英文新聞／國際組綜合整理報導）第2波武漢肺炎（2019冠狀病毒疾病，COVID-19）疫情之下，本週至少14個歐洲國家的病毒相關住院人數達新高,39,negative
8103,這顯然就是之前川普政府刻意干預郵政所造成的連鎖效應至今還沒恢復正常.甚至利用自己在各州法官的權限濫權修改選務規則.這更凸顯川普政府的狼子野心與嚴重違反行政中立干預大選的反民主、反法治的惡劣行徑.甚至對於新冠病毒嚴重隱瞞全球與全美真相這種反人權的行徑造成美國死亡中9成以上屬於低收入的有色人種這種種族滅絕行為.個人稱之為21世紀狂人.是地球生態的殺手、21世紀全人類的公敵、世界村與國際條約的破壞者、軍備競賽的重啟者、極右派白人至上主義甚至歧視女人ProudBoy的支持者、引發全美21世紀最大有色人種反撲的事端製造者、反民主反法治反人權全與破壞制度干預股匯的貪腐者....這些惡名將會成為川普的歷史註解http://blog.udn.com/JuvenalC/14509133521世紀狂人84陰謀一一被揭穿.川普政府選舉走鋼索打種族歧視與反中牌http://blog.udn.com/JuvenalC/138137897從種族歧視論帝國主義與極右派對全人類的威脅http://blog.udn.com/JuvenalC/135926386再由帝國主義對全球人類的重大負面影響來看事件本質http://blog.udn.com/JuvenalC/14059461821世紀狂人83狂人終將殞落http://blog.udn.com/JuvenalC/13749793021世紀狂人82遲來的正義揭露川普政府的假面目http://blog.udn.com/JuvenalC/13732247321世紀狂人81假民主、假法治、假人權下只有唯一勝選的真面目http://blog.udn.com/JuvenalC/145459331德國對歐規與歐盟的安定力量受到美國長年且持續性搞破壞http://blog.udn.com/JuvenalC/13693937021世紀狂人80VS第三次世界大戰警鐘30世紀亂源川普---無視民主、法治、人權等普世價值http://blog.udn.com/JuvenalC/13405999521世紀狂人78從疫情隱瞞、政治防疫與民調直落2http://blog.udn.com/JuvenalC/13355391421世紀狂人77新冠病毒陰謀論,39,negative
8104,貪婪的房東短視近利的商人全球大流行的疫情會倒只是一定的結局,39,negative
8105,疫情還沒完，不要一天到晚自嗨好嗎？輸出快50例了，自己也沒法解釋！,39,negative
8106,不是牛肉.羊肉.ˋ肥肉=是用豬瘦肉製造?大量美歐基層人民食用---熱狗美歐疫情慘重此時*****可有人分析--瘦肉精*免疫下降+染疫率上------相關研究????????,39,negative
8107,【時報-台北電】2020美國總統大選即將於11月3日登場，由於疫情關係，不少選民已提早投下神聖一票，好萊塢明星們也積極參與，珍妮佛安妮斯頓（JenniferAnniston）日前就透過郵遞方式投票，她在社群網站發布自己戴著口罩、寄出選票的照片，透露已投給民主黨候選人拜登（JoeBiden），並有感而發地寫下大段文字，希望美國民眾支持「人種平權、愛與正直」的人，此外也抨擊現任總統川普（DonaldTrump）忽視種族議題，使社會混亂，呼籲民眾踴躍出門投票，做出對美國有利的選擇,39,positive
8108,中央流行疫情指揮中心今天公布新增3例境外移入病例，下午2點將舉行臨時記者會說明,39,negative
8109,疫情之下.以及跟老共搞得像要爆發戰爭一樣.連戰車都要開上街了.你說客觀上已經限制外籍人士入台.主觀上又限制陸客來台.想要已經日子過得很辛苦的小資族繼續吃喝玩樂.你想可能嗎?明天會不會放無薪假都還不知道.還敢亂花錢嗎?,39,negative
8110,因為中共致力於將現在中國的新疫情甩鍋給海產和入境的人,39,negative
8111,NBR（丁?乳膠）大廠南帝（2108）受惠新冠肺炎疫情帶動醫療手套需求大增，下半年獲利可望猛爆成長，業績利多預期吸引投資人買盤簇擁，不畏美股重挫回檔，上周單周股價逆勢大漲22.3%，10月單月股價漲幅更高達五成四，成為名符其實的飆股,39,positive
8112,【黃小琪花蓮富里】從民國104年起，花蓮縣富里鄉的永豐社區有一群在地青年發起了「穀稻秋聲草地音樂會」，因活動成功，被譽為「從土地裡長出來的音樂節」，原本今年就要開始售票，但眼見武漢肺炎疫情打亂大家生活，主辦單位最後決定，仍維持免費開放讓民眾進場同樂，同時也嚴格執行防疫控管,39,positive
8113,日係公司在因疫情影響//業務下降的狀態，只能砍高薪層了！（過去到處調店的辛勞//抵抗不了蕭條業績嘛！）如美係公司，都是當天直接馬上要你走路（不會給你三個月協商的降薪！）總公司的買辦職務也可能//影響了高層的利益吧？想想看吧？？？,39,negative
8114,?疫情衝擊之下，邊境持續管制，觀光客進不來讓旅遊相關產業首當其衝，為了求生存，不少導遊領隊，甚至航空公司地勤改當小黃運將，從今年1月至今，前兩大車隊就增加了1800多位司機,39,positive
8115,編譯施欣妤／綜合外電報導隨著北半球時序進入秋冬，新型冠狀病毒肺炎疫情恐再惡化，美國10月30日單日新增近10萬起確診，創下近日新高，全美確診數也逼近905萬例，占總人口數的3%；在歐洲疫情同樣嚴峻，比利時總理德克魯宣布強化封鎖措施，英國首相強生也有意於下週宣布全國禁足令，以期在耶誕假期前控制疫情,39,positive
8116,躲得過肆虐全球的肺炎疫情，躲不過神壇購買的流感疫苗,39,negative
8117,【時報-台北電】為搶救因疫情委靡的經濟活動，中央流行疫情指揮中心規劃「經濟泡泡」，擬開放具特定身分入境民眾免隔離,39,positive
8118,台新投顧總經理李鎮宇2020年是個難熬的一年，疫情導致經濟衰退，封城的反反覆覆，產業的殞落與遷徙，大家莫不引頸期盼2020年的離去,39,negative
8119,由於武漢肺炎疫情關係，世界衛生大會（WHA）預計在11月9日復會,39,negative
8120,台北31日電疫情期間除了行動受限，歧視問題也浮上檯面,39,negative
8121,高雄在淹水，全家去金門遊玩的時任副總統陳建仁嗎？？還是疫情爆發只用LINE建議勤洗手，就邀功的時任副總統的陳建仁？？？哦,39,negative
8122,記者嚴云岑／台北報導國內再增3例新冠肺炎病例！中央流行疫情指揮中心今日宣布下午2點緊急召開記者會，發言人莊人祥主持並說明該案例情況,39,negative
8123,中評社香港11月1日電／據法新社彙整官方數字資料顯示，第2波新冠狀肺炎疫情之下，本週至少14個歐洲國家的病毒相關住院人數達新高,39,negative
8124,無奈個屁啊！沒看到全球因為這個疫情死亡人數嗎？幹,39,negative
8125,2020美國大選（中央社華盛頓31日綜合外電報導）因疫情肆虐全美，今年美國總統選舉選擇不在籍與郵寄投票的選民暴增，各州更改投票及重新投票的規範不同，總統川普又在最後關頭呼籲已投票選民改投，為複雜的選情增添變數,39,positive
8126,中央流行疫情指揮中心表示，今天新增三例境外移入確診個案，下午2點召開臨時記者會，由發言人莊人祥說明,39,negative
8127,2020年是個難熬的一年，疫情導致經濟衰退，封城的反反覆覆，產業的殞落與遷徙，大家莫不引頸期盼2020年的離去,39,negative
8128,?中央流行疫情指揮中心為因應「武漢肺炎疫情」，今（1）日14點召開臨時記者會，由莊人祥發言人說明「新增3名境外移入個案」,39,negative
8129,看來要成為疫情的破洞了,39,negative
8130,隨著新冠肺炎疫情引發的恐懼心理緩解，新興市場債券從3月份低點顯著反彈,39,positive
8131,越南是台灣第二大境外學生來源地，為擴大生源，受疫情影響，駐越南代表處首度以線上方式舉行台灣高教展，尖峰時刻逾3千人同時在線,39,positive
8132,【大成報記者張淑慧/高雄報導】雖然因為疫情影響台灣農產銷售，高雄型農做公益仍然不落人後，11月1日及11月8日連續兩週兩場分別在捷運鳳山西站及衛武營榕園辦理的公益活動，型農發起農產品熱捐參加義賣，活動所得捐助家扶中心及創世基金會外，現場還有1.000根香蕉要送給參與活動的民眾，為扶助弱勢族群貢獻一份心力,39,positive
8133,新冠肺炎疫情持續蔓延全球，面對看不見盡頭的疫情，佩戴口罩已成為國人生活防護的新常態，美德醫療推出兼具色彩及溫度的14款彩色口罩，為國人的日常防護上色,39,positive
8134,中壢廖先生問我是食品工廠的作業員，在工廠上班已經十七年多，今（二○二○）年因為疫情關係，工廠訂單嚴重流失，從三月起就陸續放無薪假，疫情趨緩後好像也沒有起色，沒想到，八月中工廠就宣布要結束營業，我們只能上班到九月底,39,negative
8135,以這次疫情來看，全球防疫最大漏洞在WHO！,39,negative
8136,記者彭勝郎／台中報導「2020台中國際舞蹈嘉年華」昨晚於舊車站前廣場熱鬧登場，市長盧秀燕現身開幕晚會感性分享，市府觀旅局團隊非常用心規劃本次活動，籌備將近半年，今年因新冠病毒疫情虐襲，多項藝文活動暫緩或順延辦理，然國內疫情控制得宜，讓大家不能出國也可以享受各種「偽出國」的精彩活動,39,positive
8137,中評社北京11月1日電／據新華社報道，明斯克消息：白俄羅斯國家邊防委員會10月31日宣布，根據白部長會議日前通過的決議，為防止新冠疫情傳播，自11月1日起將暫時限制外國公民和無國籍人士通過公路、鐵路和水路口岸入境,39,positive
8138,最新龐德電影「007生死交戰」還因新冠肺炎疫情拖著無法上映，讓007成為銀幕經典賣座系列的首代男主角史恩康納萊已在巴哈馬去世，享年90歲,39,negative
8139,記者葉蒼秀／苗栗報導新冠疫情稍緩解，中華民國微笑協會總會鼓勵社會大眾以「微笑」面對困難、迎向希望，舉辦微笑臉譜全國繪畫比賽，上千件參賽作品有九十二件入選，一日由縣長徐耀昌頒獎表揚，希望藉由微笑臉譜散播快樂的種子，社會更安定祥和,39,positive
8140,「2020桃園萬聖城—是在HELLOCITY試點燈」於桃園高鐵站前廣場開展，桃園市長鄭文燦表示，新冠疫情舒緩後，為提升觀光人潮，首度舉辦桃園萬聖城活動，希望未來能開創成為桃園的特色主題活動，系列活動將於10月31日起至11月8日在桃園高鐵站前廣場盛大展開，30日特別舉行試點燈的儀式，搶先曝光大彩蛋—光雕秀及8座大型藝術裝置，歡迎市民朋友一起來同樂，將熱鬧延續至跨年,39,positive
8141,唷，近?的疫情?累到??西?????每晚都失眠?！,39,negative
8142,台灣沒疫情，功勞就是民進黨進不去WHO,39,negative
8143,二代接班的揚秦國際執行長卓靖倫耕耘數位，每週巡店、不與加盟主爭利；在疫情下持續逆勢展店，將帶領揚秦成為第一個上…閱讀更多,39,negative
8144,首度參加全國大專校院運動會，東京奧運射箭國手「湯包」湯智鈞就囊括射箭反曲弓3面金牌，為台北大學締造射箭新猷，他笑說3金佳績不只要發生在全大運，「奧運也要！」109年全大運受新冠肺炎疫情影響，從原本的5月延期到昨天才正式開幕，創校20周年的高雄大學成50周年全大運東道主，包括田徑、體操、游泳、射箭、射擊和拳擊等都有東奧國手與會,39,negative
8145,新冠肺炎疫情影響今年全球經濟景氣，讓歐美電信業者放緩網路建設腳步，但法人認為，歐美電信業者明年對5G建設將轉趨積極，看好2021年將有5G及WiFi6換機潮齊發，帶動通訊關鍵晶片、5G用戶端設備、無線路由器等需求，台廠聯發科、廣達、仁寶、智易、啟痋B中磊、智邦喜迎商機,39,positive
8146,中央流行疫情指揮中心宣布，台灣今(1)日新增3例新冠肺炎確診，全為境外移入，目前累計558例,39,negative
8147,普檢只能證明當下是陽性或陰性，也沒法證明偽陽或偽陰！在新冠病毒疫苗還沒有效研發，進入室內空間及人多處帶口罩，加強個人清潔，才是正途，這就台灣初期沒有疫情大爆發的原因！,39,positive
8148,執政黨政府的所有一切政策.都應該以防堵疫情漫延擴散為第一考量.確保台灣境內人民的安全生活,39,positive
8149,歐洲近期深受武漢肺炎（亦稱新冠肺炎，COVID-19）疫情反撲，其中英國確診人數突破百萬，英國首相強生（BorisJohnson）宣布自週四（11月5日）起，英格蘭地區開始實施為期四週的第二次封城，直到12月2日解禁,39,negative
8150,2020美國總統大選即將於11月3日登場，由於疫情關係，不少選民已提早投下神聖一票，好萊塢明星們也積極參與，珍妮佛安妮斯頓（JenniferAnniston）日前就透過郵遞方式投票，她在社群網站發布自己戴著口罩、寄出選票的照片，透露已投給民主黨候選人拜登（JoeBiden），並有感而發地寫下大段文字，希望美國民眾支持「人種平權、愛與正直」的人，此外也抨擊現任總統川普（DonaldTrump）忽視種族議題，使社會混亂，呼籲民眾踴躍出門投票，做出對美國有利的選擇,39,positive
8151,圖／TVBS資料畫面中央流行疫情指揮中心表示，今天新增三例境外移入確診個案，下午2點召開臨時記者會，由發言人莊人祥說明,39,negative
8152,別推給疫情，這次捅這麼個婁子，哪個不怕死的敢來！,39,negative
8153,【時報-各報要聞】受疫情影響，加速帶動在歐美、日本及印尼等國家在教育市場的Chromebook需求，推升全球Chromebook機款出貨在第三季飆升、第四季持續增溫，全年估將首度突破2字頭、直衝2.500萬台左右，2021年將在歐洲、泛亞市場維持強勁需求帶動下，續以雙位數增幅向上、超越3.000萬台,39,positive
8154,美國疫情一天比一天嚴重.川普選個鳥阿.當初如果處裡的好.躺著選也會上.自己都笨到得武漢病毒了.難怪拜登一直說錯話民調還能贏,39,negative
8155,疫情還沒結束，6星集按摩養身會館最新的大直店，已悄然開幕,39,negative
8156,中央流行疫情指揮中心昨宣布國內新增1例武漢肺炎境外移入確診，新增的第556例是本國籍60多歲男性，2月赴印度工作，上月24日在當地出現呼吸困難、咳嗽、發燒等症狀但未就醫，上周三返國時主動通報有症狀，機場安排採檢後送至醫院就醫，於前天確診，目前住院隔離治療中,39,negative
8157,記者廖哲民／台北報導武漢肺炎（COVID-19、新冠肺炎）疫情仍持續延燒，截至今（1）日上午10時，全球確診人數高達4637萬3777例，而美國疫情日益嚴重，已累計940萬2590人感染,39,negative
8158,公關市場上人人都知道，5月初磐石艦疫情的同時，對岸就四處找台灣民調公司做萊豬民調了，再裝傻?沒有配合就令人討厭,39,negative
8159,如果疫病是中國研發對付外國人的武器，那麼亞洲人疫情狀況沒有白人等西方國家疫情狀況明顯，就是可以製造出來的，這個中國製造的狀況未排除之下，中國經驗其實蠻搞笑,39,negative
8160,名作家兼節目主持人吳淡如10年前以女兒綽號「小熊」為名，斥資鉅額在宜蘭創立「小熊書房」餐廳，日前有媒體爆料小熊書房因疫情慘賠200萬元易主，吳淡如火速透過臉書否認，澄清小熊書房的店長原本就是弟媳，自己只是房屋產權擁有者,39,negative
8161,萬聖節重防疫東京澀谷未現群魔亂舞景象（中央社記者楊明珠東京31日專電）每逢萬聖節，東京澀谷常常會有特殊嚇人裝扮者聚集，這種「群魔亂舞」的景象今年受武漢肺炎疫情影響改善許多，澀谷街頭幾乎沒見到有特殊裝扮的人潮湧至,39,positive
8162,挺川普與反川普之戰聚焦疫情經濟與種族平權最新更新：2020/11/0112:072020美國大選（中央社記者江今葉華盛頓31日專電）今年的美國總統大選與其說是總統川普與民主黨候選人拜登對決，不如說是挺川普與反川普之戰，這從雙方競選策略大相徑庭可看出,39,positive
8163,政策把夜市定位.走向國際觀光客.本來就是一條不歸路...夜市隨便買都比餐廳貴離譜地政策.還在沾沾自喜最後遇到疫情還是打回原狀,39,negative
8164,台北市跨年晚會究竟辦還是不辦？台北市政府疫情小組前日開會敲定「跨年活動疫情備案」,39,positive
8165,川普白人主義，自我為中心，疫情搞到現在還在怪東怪西，從中國到自己的衛生部長都怪罪，現在連美國的醫護也被他拖下水,39,negative
8166,隨著北半球時序進入秋冬，新型冠狀病毒肺炎疫情恐再惡化，美國10月30日單日新增近10萬起確診，創下近日新高，全美確診數也逼近905萬例，占總人口數的3%；在歐洲疫情同樣嚴峻，比利時總理德克魯宣布強化封鎖措施，英國首相強生也有意於下週宣布全國禁足令，以期在耶誕假期前控制疫情,39,positive
8167,為搶救因疫情委靡的經濟活動，中央流行疫情指揮中心規劃「經濟泡泡」，擬開放具特定身分入境民眾免隔離,39,positive
8168,防控新冠肺炎疫情失敗，大選就必然失敗，在2019年10月25日用特朗普八字預測已斷言他大選必然失敗，新冠肺炎疫情是特朗普的「死穴」，他輸就輸在新冠肺炎疫情上，拜登會取得壓倒性選票而勝出，這是易學預測，信不信由你，坐等結果,39,negative
8169,儘管2019至20年NBA球季因疫情而有著與以往不同的樣貌，但在這樣的球季中贏得的冠軍沒有因此灌水,39,positive
8170,南投秘境／滿滿戀愛感！台版馬爾地夫喝下午茶配湖光山色|三立新聞網2020/11/01圖／molly莫莉文／張雅筑因疫情關係，今年不少人都覺得很鬱悶無法出國，但也因此更有機會好好探尋台灣的景點、征服「秘境」,39,negative
8171,（中央社巴黎31日綜合外電報導）據法新社彙整官方數字資料顯示，第2波2019冠狀病毒疾病（COVID-19）疫情之下，本週至少14個歐洲國家的病毒相關住院人數達新高,39,negative
8172,中評社北京11月1日電／據中國僑網報道，據美國《僑報》報道，疫情期間，紐約史泰登島華人組群為奮戰在前線的警方、消防和醫護人員踴躍籌款，積極奔走捐贈物資，近日特別受到史島警署頒獎表彰，感謝華裔民眾在危機中對警方等人們的大力支持,39,positive
8173,（圖／翻攝自臉書）台南長榮大學24歲馬來西亞籍鍾姓女大生遭擄殺棄屍，震驚台灣與馬來西亞社會，突如其來的噩耗令死者爸媽不能接受，原本預計要等明年疫情緩和來台參加愛女的畢業典禮，如今卻提前來處理後事，痛喊「為什麼要殺害她？我不要！我不能放過他！我不能原諒他」，白髮人送黑髮人令人鼻酸,39,negative
8174,〔本報綜合報導〕因為出征世界盃，目前人在中國的桌球一姐鄭怡靜歷經隔離，前天終於「出關」練球，鄭怡靜昨天坦言，心情很興奮，但疫情也讓她不敢掉以輕心，常用酒精消毒雙手,39,positive
8175,甚麼時候你們也和x共嘴臉一樣會瞞好吧，至今日後我也不再信你們就繼續掰....大事就要來臨自古以來就是如此好不容易疫情做好被稱讚現在自毀台灣的名譽，福報有什麼辦法天不怕地不怕的造惡大環境的報應就無法停止,39,negative
8176,最新數據顯示，美國企業債務違約案件比投資者數月前預期的更少，顯示美國聯準會(Fed)與政府政策支撐下，企業度過疫情衝擊最糟的時刻，此現象不但帶動企業債價格並且提振債市，也為美國經濟帶來令人鼓舞訊息,39,positive
8177,國際不會因台加入WHO疫情就會減少看看台灣老爸美國有在聽佛奇建議嗎台灣實力太小說的話世界各國聽不進入現在疫情大暴發也只有德法開始封鎖其它呢！不要再自以為是了台灣的成功世界各國都知道但知道和跟著做是兩碼事有多少實力管多少事自求多福比較實在,39,negative
8178,在新冠病毒疫情肆虐之際，數百萬美國人把住家轉變成辦公室和教室，推升網路用量暴增，但許多人現在不得不改變網路使用習慣，以免遭網路寬頻業者收取數據超量的費用,39,negative
